# effect kind	serde payload type	runtime family
AdaptEffect	ironsmith_core::AdaptEffect	composition-a-l
AddManaEffect	ironsmith_core::AddManaEffect	resources
AddManaFromCommanderColorIdentityEffect	ironsmith_core::AddManaFromCommanderColorIdentityEffect	resources
AddManaOfAnyColorEffect	ironsmith_core::AddManaOfAnyColorEffect	resources
AddManaOfAnyOneColorEffect	ironsmith_core::AddManaOfAnyOneColorEffect	resources
AddManaOfChosenColorEffect	ironsmith_core::AddManaOfChosenColorEffect	resources
AddManaOfColorsAmongEffect	ironsmith_core::AddManaOfColorsAmongEffect	resources
AddManaOfImprintedColorsEffect	ironsmith_core::AddManaOfImprintedColorsEffect	resources
AddManaOfLandProducedTypesEffect	ironsmith_core::AddManaOfLandProducedTypesEffect	resources
AddOneManaOfAnyColorAmongEffect	ironsmith_core::AddOneManaOfAnyColorAmongEffect	resources
AddScaledManaEffect	ironsmith_core::AddScaledManaEffect	resources
AdditionalLandPlaysEffect	ironsmith_core::AdditionalLandPlaysEffect	player
AdditionalPhasesEffect	ironsmith_core::AdditionalPhasesEffect	player
AmassEffect	ironsmith_core::AmassEffect	permanent
AmplifyEffect	ironsmith_core::AmplifyEffect	composition-a-l
ApplyContinuousEffect	ironsmith_core::ApplyContinuousEffect<wire::WireContinuousTarget, wire::WireContinuousModification, wire::WireRuntimeModification, ironsmith_core::Condition>	permanent
AscendEffect	ironsmith_core::AscendEffect	player
AssignNoCombatDamageEffect	ironsmith_core::AssignNoCombatDamageEffect	combat
AttachObjectsEffect	ironsmith_core::AttachObjectsEffect	permanent
AttachToEffect	ironsmith_core::AttachToEffect	permanent
AuraSwapEffect	ironsmith_core::AuraSwapEffect	composition-a-l
BackupEffect	ironsmith_core::BackupEffect<wire::WireAbility>	composition-a-l
BecomeBasicLandTypeChoiceEffect	ironsmith_core::BecomeBasicLandTypeChoiceEffect	permanent
BecomeColorChoiceEffect	ironsmith_core::BecomeColorChoiceEffect	permanent
BecomeCreatureTypeChoiceEffect	ironsmith_core::BecomeCreatureTypeChoiceEffect	permanent
BecomeMonarchEffect	ironsmith_core::BecomeMonarchEffect	player
BecomeSaddledUntilEotEffect	ironsmith_core::BecomeSaddledUntilEotEffect	permanent
BeholdEffect	ironsmith_core::BeholdEffect	composition-a-l
BidLifeEffect	ironsmith_core::BidLifeEffect<wire::WireEffect>	composition-a-l
BolsterEffect	ironsmith_core::BolsterEffect	composition-a-l
CantEffect	ironsmith_core::CantEffect	stack-event
CastSourceEffect	ironsmith_core::CastSourceEffect	player
CastTaggedEffect	ironsmith_core::CastTaggedEffect<wire::WireCost>	player
ChooseCardNameEffect	ironsmith_core::ChooseCardNameEffect	player
ChooseCardTypeEffect	ironsmith_core::ChooseCardTypeEffect	player
ChooseColorEffect	ironsmith_core::ChooseColorEffect	player
ChooseCreatureTypeEffect	ironsmith_core::ChooseCreatureTypeEffect	player
ChooseLandTypeEffect	ironsmith_core::ChooseLandTypeEffect	player
ChooseModeEffect	ironsmith_core::ChooseModeEffect<wire::WireEffect>	composition-a-l
ChooseNamedOptionEffect	ironsmith_core::ChooseNamedOptionEffect	player
ChooseNewTargetsEffect	ironsmith_core::ChooseNewTargetsEffect	stack-event
ChooseObjectsEffect	ironsmith_core::ChooseObjectsEffect	composition-a-l
ChoosePlayerEffect	ironsmith_core::ChoosePlayerEffect	player
ChooseSpellCastHistoryEffect	ironsmith_core::ChooseSpellCastHistoryEffect	composition-a-l
CipherEffect	ironsmith_core::CipherEffect	composition-a-l
ClashEffect	ironsmith_core::ClashEffect	zone-library
ClearSuspectedEffect	ironsmith_core::ClearSuspectedEffect	permanent
ConditionalEffect	ironsmith_core::ConditionalEffect<wire::WireEffect>	composition-a-l
ConniveEffect	ironsmith_core::ConniveEffect	zone-library
ConspireCostEffect	ironsmith_core::ConspireCostEffect	permanent
ConsultTopOfLibraryEffect	ironsmith_core::ConsultTopOfLibraryEffect	zone-library
ControlCombatChoicesThisTurnEffect	ironsmith_core::ControlCombatChoicesThisTurnEffect	player
ControlPlayerEffect	ironsmith_core::ControlPlayerEffect	player
ConvertEffect	ironsmith_core::ConvertEffect	permanent
CopySpellEffect	ironsmith_core::CopySpellEffect	stack-event
CopySpellForEachTargetEffect	ironsmith_core::CopySpellForEachTargetEffect	stack-event
CounterEffect	ironsmith_core::CounterEffect	stack-event
CreateEmblemEffect	ironsmith_core::CreateEmblemEffect<wire::WireEmblemDescription>	player
CreateTokenCopyEffect	ironsmith_core::CreateTokenCopyEffect<wire::WireStaticAbility>	permanent
CreateTokenEffect	ironsmith_core::CreateTokenEffect<wire::WireCardDefinition>	permanent
CrewCostEffect	ironsmith_core::CrewCostEffect	permanent
CumulativeUpkeepEffect	ironsmith_core::CumulativeUpkeepEffect<wire::WireEffect>	composition-a-l
DealDamageEffect	ironsmith_core::DealDamageEffect	combat
DealDistributedDamageEffect	ironsmith_core::DealDistributedDamageEffect	combat
DestroyEffect	ironsmith_core::DestroyEffect	zone-library
DestroyNoRegenerationEffect	ironsmith_core::DestroyNoRegenerationEffect	zone-library
DetainEffect	ironsmith_core::DetainEffect	permanent
DevourEffect	ironsmith_core::DevourEffect	composition-a-l
DirectionalAdjacentPlayerControlEffect	ironsmith_core::DirectionalAdjacentPlayerControlEffect	permanent
DiscardEffect	ironsmith_core::DiscardEffect	zone-library
DiscardHandEffect	ironsmith_core::DiscardHandEffect	zone-library
DiscoverEffect	ironsmith_core::DiscoverEffect	player
DoubleCountersEffect	ironsmith_core::DoubleCountersEffect	resources
DoubleManaPoolEffect	ironsmith_core::DoubleManaPoolEffect	resources
DrawCardsEffect	ironsmith_core::DrawCardsEffect	zone-library
DrawForEachTaggedMatchingEffect	ironsmith_core::DrawForEachTaggedMatchingEffect	zone-library
EachPlayerScryEffect	ironsmith_core::EachPlayerScryEffect	zone-library
EarthbendEffect	ironsmith_core::EarthbendEffect	permanent
EmitGiftGivenEffect	ironsmith_core::EmitGiftGivenEffect	composition-a-l
EmitKeywordActionEffect	ironsmith_core::EmitKeywordActionEffect	composition-a-l
EmptyManaPoolEffect	ironsmith_core::EmptyManaPoolEffect	resources
EndCombatPhaseEffect	ironsmith_core::EndCombatPhaseEffect	player
EndTurnEffect	ironsmith_core::EndTurnEffect	player
EnergyCountersEffect	ironsmith_core::EnergyCountersEffect	player
EvolveEffect	ironsmith_core::EvolveEffect	permanent
ExchangeControlEffect	ironsmith_core::ExchangeControlEffect	permanent
ExchangeLifeTotalsEffect	ironsmith_core::ExchangeLifeTotalsEffect	resources
ExchangeTextBoxesEffect	ironsmith_core::ExchangeTextBoxesEffect	permanent
ExchangeValuesEffect	ironsmith_core::ExchangeValuesEffect	combat
ExchangeZonesEffect	ironsmith_core::ExchangeZonesEffect	zone-library
ExecuteWithSourceEffect	ironsmith_core::ExecuteWithSourceEffect<wire::WireEffect>	composition-a-l
ExertCostEffect	ironsmith_core::ExertCostEffect	permanent
ExileEffect	ironsmith_core::ExileEffect	zone-library
ExileInsteadOfGraveyardEffect	ironsmith_core::ExileInsteadOfGraveyardEffect	player
ExileTaggedWhenSourceLeavesEffect	ironsmith_core::ExileTaggedWhenSourceLeavesEffect	stack-event
ExileTopOfLibraryEffect	ironsmith_core::ExileTopOfLibraryEffect	zone-library
ExileUntilEffect	ironsmith_core::ExileUntilEffect	zone-library
ExperienceCountersEffect	ironsmith_core::ExperienceCountersEffect	player
ExploreEffect	ironsmith_core::ExploreEffect	composition-a-l
ExtraTurnAfterNextTurnEffect	ironsmith_core::ExtraTurnAfterNextTurnEffect	player
ExtraTurnEffect	ironsmith_core::ExtraTurnEffect	player
FatesealEffect	ironsmith_core::FatesealEffect	zone-library
FightEffect	ironsmith_core::FightEffect	combat
FlipCoinEffect	ironsmith_core::FlipCoinEffect	player
FlipEffect	ironsmith_core::FlipEffect	permanent
ForEachControllerOfTaggedEffect	ironsmith_core::ForEachControllerOfTaggedEffect<wire::WireEffect>	composition-a-l
ForEachCounterKindPutOrRemoveEffect	ironsmith_core::ForEachCounterKindPutOrRemoveEffect	resources
ForEachObject	ironsmith_core::ForEachObject<wire::WireEffect>	composition-a-l
ForEachObjectCorrelatedResultEffect	ironsmith_core::ForEachObjectCorrelatedResultEffect<wire::WireEffect>	composition-a-l
ForEachTaggedEffect	ironsmith_core::ForEachTaggedEffect<wire::WireEffect>	composition-a-l
ForEachTaggedPlayerEffect	ironsmith_core::ForEachTaggedPlayerEffect<wire::WireEffect>	composition-a-l
ForPlayersEffect	ironsmith_core::ForPlayersEffect<wire::WireEffect>	composition-a-l
GivePlayerCountersEffect	ironsmith_core::GivePlayerCountersEffect	player
GainLifeEffect	ironsmith_core::GainLifeEffect	resources
GoadEffect	ironsmith_core::GoadEffect	combat
ClearGoadEffect	ironsmith_core::ClearGoadEffect	combat
GrantAbilitiesTargetEffect	ironsmith_core::GrantAbilitiesTargetEffect<wire::WireStaticAbility>	combat
GrantBySpecEffect	ironsmith_core::GrantBySpecEffect<wire::WireGrantSpec, wire::WireGrantDuration>	player
GrantEffect	ironsmith_core::GrantEffect<wire::WireGrantable, wire::WireGrantDuration>	player
GrantNextSpellAbilityEffect	ironsmith_core::GrantNextSpellAbilityEffect<wire::WireAbility>	player
GrantNextSpellCostReductionEffect	ironsmith_core::GrantNextSpellCostReductionEffect	player
GrantPlayTaggedEffect	ironsmith_core::GrantPlayTaggedEffect<wire::WireCost>	player
GrantRepeatableManaPaymentActionUntilEndOfTurnEffect	ironsmith_core::GrantRepeatableManaPaymentActionUntilEndOfTurnEffect<wire::WireEffect>	composition-a-l
GrantTaggedSpellFreeCastUntilEndOfTurnEffect	ironsmith_core::GrantTaggedSpellFreeCastUntilEndOfTurnEffect	player
GrantTaggedSpellLifeCostByManaValueEffect	ironsmith_core::GrantTaggedSpellLifeCostByManaValueEffect	player
HauntExileEffect	ironsmith_core::HauntExileEffect<wire::WireEffect>	zone-library
HealDamageEffect	ironsmith_core::HealDamageEffect	combat
IfEffect	ironsmith_core::IfEffect<wire::WireEffect>	composition-a-l
IncreaseSpeedEffect	ironsmith_core::IncreaseSpeedEffect	player
IncubateEffect	ironsmith_core::IncubateEffect	permanent
InvestigateEffect	ironsmith_core::InvestigateEffect	permanent
LearnEffect	ironsmith_core::LearnEffect	zone-library
LocalRewriteEffect	ironsmith_core::LocalRewriteEffect<wire::WireEffect>	composition-a-l
LookAtHandEffect	ironsmith_core::LookAtHandEffect	zone-library
LookAtObjectsEffect	ironsmith_core::LookAtObjectsEffect	zone-library
LookAtTopCardsEffect	ironsmith_core::LookAtTopCardsEffect	zone-library
LoseLifeEffect	ironsmith_core::LoseLifeEffect	resources
LoseTheGameEffect	ironsmith_core::LoseTheGameEffect	player
ManaRestrictedEffect	ironsmith_core::ManaRestrictedEffect<wire::WireEffect>	composition-m-z
ManaRetainedEffect	ironsmith_core::ManaRetainedEffect<wire::WireEffect>	composition-m-z
ManifestCardFromHandEffect	ironsmith_core::ManifestCardFromHandEffect	composition-m-z
ManifestDreadEffect	ironsmith_core::ManifestDreadEffect	composition-m-z
ManifestObjectsEffect	ironsmith_core::ManifestObjectsEffect	composition-m-z
ManifestTopCardOfLibraryEffect	ironsmith_core::ManifestTopCardOfLibraryEffect	composition-m-z
MayCastMatchingSpellWithoutPayingManaCostEffect	ironsmith_core::MayCastMatchingSpellWithoutPayingManaCostEffect	player
MayEffect	ironsmith_core::MayEffect<wire::WireEffect>	composition-m-z
MayMoveToZoneEffect	ironsmith_core::MayMoveToZoneEffect	zone-library
MeldEffect	ironsmith_core::MeldEffect	permanent
MillEffect	ironsmith_core::MillEffect	zone-library
ModifyPowerToughnessEffect	ironsmith_core::ModifyPowerToughnessEffect	combat
ModifyPowerToughnessForEachEffect	ironsmith_core::ModifyPowerToughnessForEachEffect	combat
MonstrosityEffect	ironsmith_core::MonstrosityEffect	permanent
MoveAllCountersEffect	ironsmith_core::MoveAllCountersEffect	resources
MoveCountersEffect	ironsmith_core::MoveCountersEffect	resources
MoveOneCounterEffect	ironsmith_core::MoveOneCounterEffect	resources
MoveToLibraryNthFromTopEffect	ironsmith_core::MoveToLibraryNthFromTopEffect	zone-library
MoveToLibraryTopOrBottomChoiceEffect	ironsmith_core::MoveToLibraryTopOrBottomChoiceEffect	zone-library
MoveToZoneEffect	ironsmith_core::MoveToZoneEffect	zone-library
NinjutsuCostEffect	ironsmith_core::NinjutsuCostEffect	permanent
NinjutsuEffect	ironsmith_core::NinjutsuEffect	permanent
NoteLifeTotalEffect	ironsmith_core::NoteLifeTotalEffect	resources
OpenAttractionEffect	ironsmith_core::OpenAttractionEffect	composition-m-z
PayAnyEnergyEffect	ironsmith_core::PayAnyEnergyEffect	player
PayAnyLifeEffect	ironsmith_core::PayAnyLifeEffect	player
PayEnergyEffect	ironsmith_core::PayEnergyEffect	player
PayLifeEffect	ironsmith_core::PayLifeEffect	resources
PayManaEffect	ironsmith_core::PayManaEffect	resources
PhaseInEffect	ironsmith_core::PhaseInEffect	permanent
PhaseOutEffect	ironsmith_core::PhaseOutEffect	permanent
PlaySubgameEffect	ironsmith_core::PlaySubgameEffect<wire::WireEffect>	player
PoisonCountersEffect	ironsmith_core::PoisonCountersEffect	player
PopulateEffect	ironsmith_core::PopulateEffect	composition-m-z
PrepareEffect	ironsmith_core::PrepareEffect	permanent
PreventAllCombatDamageEffect	ironsmith_core::PreventAllCombatDamageEffect	combat
PreventAllDamageEffect	ironsmith_core::PreventAllDamageEffect<wire::WireEffect>	combat
PreventAllDamageToTargetEffect	ironsmith_core::PreventAllDamageToTargetEffect<wire::WireEffect>	combat
PreventDamageEffect	ironsmith_core::PreventDamageEffect<wire::WireEffect>	combat
PreventNextTimeDamageEffect	ironsmith_core::PreventNextTimeDamageEffect<wire::WireEffect>	combat
ProliferateEffect	ironsmith_core::ProliferateEffect	resources
PutCounterOfChosenKindEffect	ironsmith_core::PutCounterOfChosenKindEffect	resources
PutCountersEffect	ironsmith_core::PutCountersEffect	resources
PutOntoBattlefieldEffect	ironsmith_core::PutOntoBattlefieldEffect	zone-library
PutStickerEffect	ironsmith_core::PutStickerEffect	permanent
PutTaggedRemainderOnLibraryBottomEffect	ironsmith_core::PutTaggedRemainderOnLibraryBottomEffect	zone-library
RearrangeLookedCardsInLibraryEffect	ironsmith_core::RearrangeLookedCardsInLibraryEffect	zone-library
ReconfigureEffect	ironsmith_core::ReconfigureEffect	permanent
RedirectAllDamageThisTurnToTargetEffect	ironsmith_core::RedirectAllDamageThisTurnToTargetEffect	combat
RedirectNextDamageToTargetEffect	ironsmith_core::RedirectNextDamageToTargetEffect	combat
RedirectNextTimeDamageToSourceEffect	ironsmith_core::RedirectNextTimeDamageToSourceEffect	combat
ReduceSpeedEffect	ironsmith_core::ReduceSpeedEffect	player
ReflexiveTriggerEffect	ironsmith_core::ReflexiveTriggerEffect<wire::WireEffect>	composition-m-z
RegenerateEffect	ironsmith_core::RegenerateEffect<wire::WireEffect>	permanent
RegisterDamagedBySourceZoneReplacementEffect	ironsmith_core::RegisterDamagedBySourceZoneReplacementEffect	stack-event
RegisterDrawReplacementEffect	ironsmith_core::RegisterDrawReplacementEffect<wire::WireEffect>	stack-event
RegisterEnterTappedReplacementEffect	ironsmith_core::RegisterEnterTappedReplacementEffect	stack-event
RegisterEnterUnderControlReplacementEffect	ironsmith_core::RegisterEnterUnderControlReplacementEffect	stack-event
RegisterFutureZoneReplacementEffect	ironsmith_core::RegisterFutureZoneReplacementEffect	stack-event
RegisterManaReplacementEffect	ironsmith_core::RegisterManaReplacementEffect	stack-event
RegisterManaRewriteEffect	ironsmith_core::RegisterManaRewriteEffect	stack-event
RegisterManaSpendPermissionEffect	ironsmith_core::RegisterManaSpendPermissionEffect	stack-event
RegisterCounterPlacementReplacementEffect	ironsmith_core::RegisterCounterPlacementReplacementEffect	stack-event
RegisterEnterWithCountersReplacementEffect	ironsmith_core::RegisterEnterWithCountersReplacementEffect	stack-event
RegisterNextBatchEnterWithCountersEffect	ironsmith_core::RegisterNextBatchEnterWithCountersEffect	stack-event
RegisterZoneReplacementEffect	ironsmith_core::RegisterZoneReplacementEffect	stack-event
RemoveAnyCountersAmongEffect	ironsmith_core::RemoveAnyCountersAmongEffect	resources
RemoveCountersEffect	ironsmith_core::RemoveCountersEffect	resources
RemoveFromCombatEffect	ironsmith_core::RemoveFromCombatEffect	combat
RemoveUpToAnyCountersEffect	ironsmith_core::RemoveUpToAnyCountersEffect	resources
RemoveUpToCountersEffect	ironsmith_core::RemoveUpToCountersEffect	resources
RenownEffect	ironsmith_core::RenownEffect	permanent
ReorderGraveyardEffect	ironsmith_core::ReorderGraveyardEffect	zone-library
ReorderLibraryTopEffect	ironsmith_core::ReorderLibraryTopEffect	zone-library
ReorderTopPlanarDeckEffect	ironsmith_core::ReorderTopPlanarDeckEffect	zone-library
RepeatEffectsEffect	ironsmith_core::RepeatEffectsEffect<wire::WireEffect>	composition-m-z
RepeatProcessEffect	ironsmith_core::RepeatProcessEffect<wire::WireEffect>	composition-m-z
RepeatProcessPromptEffect	ironsmith_core::RepeatProcessPromptEffect	composition-m-z
ReplaceNextDamageToTargetEffect	ironsmith_core::ReplaceNextDamageToTargetEffect<wire::WireEffect>	combat
RestartGameEffect	ironsmith_core::RestartGameEffect	player
RetainManaUntilEndOfTurnEffect	ironsmith_core::RetainManaUntilEndOfTurnEffect	resources
RetargetStackObjectEffect	ironsmith_core::RetargetStackObjectEffect	stack-event
ReturnAllToBattlefieldEffect	ironsmith_core::ReturnAllToBattlefieldEffect	zone-library
ReturnFromGraveyardOrExileToBattlefieldEffect	ironsmith_core::ReturnFromGraveyardOrExileToBattlefieldEffect	zone-library
ReturnFromGraveyardToBattlefieldEffect	ironsmith_core::ReturnFromGraveyardToBattlefieldEffect	zone-library
ReturnFromGraveyardToHandEffect	ironsmith_core::ReturnFromGraveyardToHandEffect	zone-library
ReturnToHandEffect	ironsmith_core::ReturnToHandEffect	zone-library
RevealFromHandEffect	ironsmith_core::RevealFromHandEffect	zone-library
RevealSourceFromHandEffect	ironsmith_core::RevealSourceFromHandEffect	zone-library
RevealTaggedEffect	ironsmith_core::RevealTaggedEffect	zone-library
RevealTopEffect	ironsmith_core::RevealTopEffect	zone-library
ReverseTurnOrderEffect	ironsmith_core::ReverseTurnOrderEffect	player
RingTemptsYouEffect	ironsmith_core::RingTemptsYouEffect	player
RollDiceChooseResultEffect	ironsmith_core::RollDiceChooseResultEffect	player
RollDieEffect	ironsmith_core::RollDieEffect	player
SacrificeEffect	ironsmith_core::SacrificeEffect	zone-library
SacrificePlayerEffect	ironsmith_core::SacrificePlayerEffect	zone-library
SacrificeTargetEffect	ironsmith_core::SacrificeTargetEffect	zone-library
ScheduleDelayedTriggerEffect	ironsmith_core::ScheduleDelayedTriggerEffect<wire::WireEffect>	stack-event
ScheduleEffectsWhenTaggedLeavesEffect	ironsmith_core::ScheduleEffectsWhenTaggedLeavesEffect<wire::WireEffect>	stack-event
ScryEffect	ironsmith_core::ScryEffect	zone-library
SearchLibraryEffect	ironsmith_core::SearchLibraryEffect	zone-library
SearchLibrarySlotsEffect	ironsmith_core::SearchLibrarySlotsEffect	zone-library
SecretChoiceEffect	ironsmith_core::SecretChoiceEffect	composition-m-z
SequenceEffect	ironsmith_core::SequenceEffect<wire::WireEffect>	composition-m-z
SetBasePowerToughnessEffect	ironsmith_core::SetBasePowerToughnessEffect	combat
SetLifeTotalEffect	ironsmith_core::SetLifeTotalEffect	resources
ShuffleGraveyardIntoLibraryEffect	ironsmith_core::ShuffleGraveyardIntoLibraryEffect	zone-library
ShuffleHandAndGraveyardIntoLibraryEffect	ironsmith_core::ShuffleHandAndGraveyardIntoLibraryEffect	zone-library
ShuffleLibraryEffect	ironsmith_core::ShuffleLibraryEffect	zone-library
ShuffleObjectsIntoLibraryEffect	ironsmith_core::ShuffleObjectsIntoLibraryEffect	zone-library
SkipCombatPhasesEffect	ironsmith_core::SkipCombatPhasesEffect	player
SkipCombatPhasesThisTurnEffect	ironsmith_core::SkipCombatPhasesThisTurnEffect	player
SkipDrawStepEffect	ironsmith_core::SkipDrawStepEffect	player
SkipMainPhasesThisTurnEffect	ironsmith_core::SkipMainPhasesThisTurnEffect	player
SkipNextCombatPhaseThisTurnEffect	ironsmith_core::SkipNextCombatPhaseThisTurnEffect	player
SkipTurnEffect	ironsmith_core::SkipTurnEffect	player
SneakCostEffect	ironsmith_core::SneakCostEffect	permanent
SolveCaseEffect	ironsmith_core::SolveCaseEffect	permanent
SetClassLevelEffect	ironsmith_core::SetClassLevelEffect	permanent
SoulbondPairEffect	ironsmith_core::SoulbondPairEffect	permanent
SupportEffect	ironsmith_core::SupportEffect	composition-m-z
SurveilEffect	ironsmith_core::SurveilEffect	zone-library
SuspectEffect	ironsmith_core::SuspectEffect	permanent
TagAttachedToSourceEffect	ironsmith_core::TagAttachedToSourceEffect	composition-m-z
TagMatchingObjectsEffect	ironsmith_core::TagMatchingObjectsEffect	composition-m-z
TagOtherBlockParticipantEffect	ironsmith_core::TagOtherBlockParticipantEffect	composition-m-z
TagTriggeringAttackerEffect	ironsmith_core::TagTriggeringAttackerEffect	composition-m-z
TagTriggeringBlockersEffect	ironsmith_core::TagTriggeringBlockersEffect	composition-m-z
TagTriggeringDamageTargetEffect	ironsmith_core::TagTriggeringDamageTargetEffect	composition-m-z
TagTriggeringObjectEffect	ironsmith_core::TagTriggeringObjectEffect	composition-m-z
TagTriggeringSourceEffect	ironsmith_core::TagTriggeringSourceEffect	composition-m-z
TaggedEffect	ironsmith_core::TaggedEffect<wire::WireEffect>	composition-m-z
TakeInitiativeEffect	ironsmith_core::TakeInitiativeEffect	player
TapEffect	ironsmith_core::TapEffect	permanent
TargetOnlyEffect	ironsmith_core::TargetOnlyEffect	composition-m-z
TicketCountersEffect	ironsmith_core::TicketCountersEffect	player
TransformEffect	ironsmith_core::TransformEffect	permanent
TurnFaceUpEffect	ironsmith_core::TurnFaceUpEffect	permanent
UnattachObjectsEffect	ironsmith_core::UnattachObjectsEffect	permanent
UnearthEffect	ironsmith_core::UnearthEffect	permanent
UnlessActionEffect	ironsmith_core::UnlessActionEffect<wire::WireEffect>	composition-m-z
UnlessPaysEffect	ironsmith_core::UnlessPaysEffect<wire::WireEffect>	composition-m-z
UnlockRoomDoorEffect	ironsmith_core::UnlockRoomDoorEffect	permanent
UntapEffect	ironsmith_core::UntapEffect	permanent
VariableCasualtyPlaneswalkerCopyEffect	ironsmith_core::VariableCasualtyPlaneswalkerCopyEffect	stack-event
VentureIntoDungeonEffect	ironsmith_core::VentureIntoDungeonEffect	player
VillainousChoiceEffect	ironsmith_core::VillainousChoiceEffect<wire::WireEffect>	composition-m-z
VoteEffect	ironsmith_core::VoteEffect<wire::WireEffect>	composition-m-z
WinTheGameEffect	ironsmith_core::WinTheGameEffect	player
WithIdEffect	ironsmith_core::WithIdEffect<wire::WireEffect>	composition-m-z
ImprintFromHandEffect	wire::WireImprintFromHandEffect	zone-library
ScaleXValueEffect	wire::WireScaleXValueEffect	stack-event
RevealChosenSubtypeEffect	ironsmith_core::RevealChosenSubtypeEffect	player
BecomePlottedEffect	ironsmith_core::BecomePlottedEffect	zone-library
GrantEndThisEffectPaymentEffect	ironsmith_core::GrantEndThisEffectPaymentEffect	player
SaddleCostEffect	ironsmith_core::SaddleCostEffect	permanent
AddManaOfNotedTypeEffect	ironsmith_core::AddManaOfNotedTypeEffect	resources
NoteActivationManaTypeEffect	ironsmith_core::NoteActivationManaTypeEffect	resources
MayCastForMiracleCostEffect	ironsmith_core::MayCastForMiracleCostEffect	player
ResolvesDespiteIllegalTargetsEffect	ironsmith_core::ResolvesDespiteIllegalTargetsEffect	composition-m-z
BecomeBlockedEffect	ironsmith_core::BecomeBlockedEffect	combat
ChooseNumberEffect	ironsmith_core::ChooseNumberEffect	player
CollectEvidenceEffect	ironsmith_core::CollectEvidenceEffect	zone-library
DealDamageBySourcesEffect	ironsmith_core::DealDamageBySourcesEffect	combat
DealDamageEachEffect	ironsmith_core::DealDamageEachEffect	combat
DealDamageToRecipientsEffect	ironsmith_core::DealDamageToRecipientsEffect	combat
EmpowerJaceEffect	ironsmith_core::EmpowerJaceEffect	permanent
RegisterDamageMultiplierEffect	ironsmith_core::RegisterDamageMultiplierEffect	stack-event
SkipScheduledEffect	ironsmith_core::SkipScheduledEffect	player
RippleEffect	ironsmith_core::RippleEffect	player
RegisterDamageAdditionEffect	ironsmith_core::RegisterDamageAdditionEffect	stack-event
